{
  "metric": "silhouette_cosine_on_argmax_membership",
  "scores": {
    "10": -0.04227357730269432,
    "15": -0.053091052919626236,
    "20": -0.06399788707494736,
    "25": -0.04022902995347977
  }
}